id;client_uid;client_id;name;phone;district_id;district_name;province_id;province_name;created_by;created_date;last_modified_by;last_modified_date
1;reciprocal withdrawal;synthesize compressing;multi-byte Administrator;(473) 923-3899;Market Integration;Oregon Handcrafted;Internal online;neural vortals;Jewelery Internal;2021-10-15T06:43:12;quantify;2021-10-15T02:22:51
2;index Account Concrete;methodologies;Taiwan Wooden back-end;(511) 840-1740 x629;Multi-layered Hryvnia;orange;hub encoding Cape;Division Corporate;payment;2021-10-14T21:31:14;Agent overriding;2021-10-15T01:49:01
3;Avon background;Kwanza;Fantastic;402.339.3535;Reduced;Nicaragua Executive;JBOD optical;Executive invoice;Nauru;2021-10-14T17:58:25;deposit Checking Shoes;2021-10-14T11:05:28
4;Hollow matrix;IB array technologies;expedite Bedfordshire Director;386.645.1819;Cheese withdrawal Mouse;Savings program hack;Dinar withdrawal navigate;synthesize;revolutionary bus;2021-10-15T08:00:21;Oregon Ohio Monaco;2021-10-14T17:12:15
5;networks cyan;Wall Morocco;panel;542-871-7744;Berkshire Customizable;Buckinghamshire Directives;Passage;Junctions Clothing;evolve;2021-10-15T00:14:02;azure Health;2021-10-15T00:20:39
6;Outdoors;Checking Sausages;neural Card;(500) 324-7389 x14259;JSON up analyzing;User-friendly e-enable turquoise;syndicate Bacon;Rial Forward Front-line;maroon Sleek hack;2021-10-14T10:53:38;Jamaican Towels;2021-10-14T13:24:44
7;New;National;Honduras Practical;1-545-376-6458 x140;Plaza;Ball;experiences Pine Towels;Sharable JSON Networked;Buckinghamshire throughput Roads;2021-10-14T14:52:18;Implementation Soap Anguilla;2021-10-14T10:00:19
8;Handmade Australia;indigo Canada;bypass Heights;220-488-8589 x7716;Buckinghamshire Fantastic;Customer productize;Computer Brand Team-oriented;Kids matrix Facilitator;SMS Borders;2021-10-14T09:20:55;Quality Plastic pink;2021-10-14T18:04:38
9;zero;Dominica;Cambridgeshire;(297) 249-2352 x264;Tennessee;Assurance synthesize Cheese;mobile;scalable;matrices Intelligent;2021-10-14T11:49:23;Intelligent;2021-10-15T03:33:16
10;Angola Iowa input;markets program markets;User-friendly monetize Monitored;475-563-7383 x932;dedicated copying;Omani incubate;Brooks;Principal deposit;target;2021-10-15T03:28:02;Sri;2021-10-14T13:16:51
