id;app_id;first_name;last_name;gender;dob;client;client_patient_id;cohort_number;date_created;date_modified;phone_number;created_by;modified_by
a205619f-af79-48e5-a517-ab8829d04a38;Kids reboot;Clemens;Connelly;application;Kyat;Toys;bandwidth Credit Generic;synergistic Iowa;Operations compress;2021-10-15T00:41:22;Unbranded efficient;withdrawal Home;2021-10-15T00:47:19
c3f6dd22-5d4c-42fa-9082-671dcc2805e8;optimizing Steel turquoise;Catherine;Upton;Hryvnia;HTTP;technologies human-resource Plastic;deposit Implemented;contingency;Track Dynamic;2021-10-14T16:04:41;back;bandwidth;2021-10-15T01:21:42
f0551ad8-6aed-495e-b448-90518ff2e9de;mindshare Chief;Paris;Fadel;application;infrastructure online;Australian;Sausages Hollow;Assimilated;extend Fantastic Ergonomic;2021-10-14T16:23:25;cross-platform systems;quantifying;2021-10-15T01:28:20
6e5e00b0-50a7-41b4-bc07-2385f21378c6;Plaza Generic;Rhianna;Pfannerstill;Turks Estates Intelligent;Function-based;Persevering Fresh Awesome;Executive Pre-emptive compelling;platforms Granite;bandwidth-monitored;2021-10-14T22:57:04;Cape;standardization Licensed systemic;2021-10-15T01:36:00
137079ab-b531-4f43-805b-86c50c4480b4;Home;Waldo;Jast;Awesome;Canyon;tan dynamic Consultant;Ohio Engineer Awesome;Handmade Dynamic Wyoming;Trace;2021-10-15T07:17:59;Steel benchmark;Landing;2021-10-14T18:15:29
2932a523-c17c-4a2a-b760-1b5b04e07c86;proactive Seamless Dynamic;Spencer;Heaney;e-markets Tala;Health;Handmade;Tuvalu;deliver Grocery;transmit;2021-10-14T15:45:10;up Glen Bacon;array Northern;2021-10-14T21:43:16
06f23fa2-477d-46aa-9fe1-3f99080b22b3;ivory Mobility;Marielle;Champlin;Object-based RAM;driver silver Fish;Future Buckinghamshire Pennsylvania;Carolina;Pants;yellow withdrawal;2021-10-15T07:02:28;Iraq protocol;user-centric Indiana;2021-10-14T22:47:51
5e33cb15-c11f-4a20-8597-ac81de5f97a4;Texas Market Specialist;Einar;Russel;Direct Future;Electronics neural;Practical iterate Granite;Tunisia Cotton;Highway;Computer Creative Salad;2021-10-15T06:06:31;incentivize firewall wireless;quantifying;2021-10-15T03:31:06
f762867a-8e32-449b-824b-3fc20832fb90;asynchronous firmware;Dillan;Rutherford;cyan;auxiliary primary;Grocery;olive;Loan Facilitator Tuna;Director;2021-10-14T10:06:18;Borders Village;dynamic transmit Outdoors;2021-10-15T07:17:04
17da1242-426f-4c0f-a592-5db6ab2ec032;Kansas quantifying;Maxine;Bradtke;Rubber override;hub fuchsia;digital Pizza Practical;engage lime Sports;Steel;Engineer;2021-10-14T11:31:28;Architect applications;white incentivize;2021-10-14T10:05:03
