id;name;prefix;created_by;created_date;last_modified_by;last_modified_date
1;Associate Automated;Shoes;withdrawal transition;2021-10-15T09:01:05;Director;2021-10-15T07:49:12
2;IB;GB;Markets;2021-10-14T12:24:02;Burundi Investment global;2021-10-14T17:05:03
3;fresh-thinking USB;robust Paradigm;payment Incredible;2021-10-15T05:30:05;management Berkshire;2021-10-15T06:30:53
4;compelling hacking;Handmade;solution-oriented;2021-10-14T09:14:12;Rustic;2021-10-15T03:23:42
5;magnetic input;payment;Account Russian Kentucky;2021-10-14T09:57:46;Nebraska;2021-10-14T20:43:57
6;payment;Plaza;Designer Iowa;2021-10-14T18:29:18;green Licensed;2021-10-14T21:43:26
7;Borders Product Unbranded;Bike Account programming;Solutions;2021-10-14T15:32:19;azure Rustic Dollar;2021-10-14T12:03:07
8;Sausages;Ergonomic Louisiana Plastic;Handcrafted;2021-10-14T17:00:52;data-warehouse Fresh;2021-10-14T21:53:00
9;Concrete;Reverse-engineered;Borders Steel optimize;2021-10-15T06:18:45;wireless Music blockchains;2021-10-14T18:15:04
10;system-worthy Account Lead;Steel copy Money;Bedfordshire Vietnam Loan;2021-10-14T15:27:14;back-end Kong;2021-10-14T11:40:19
